trial_index,CueShowTime,ObjShowTime,ReactionTime,RT_ms,Eccentricity,VerticalEccentricity,StimType,Correct,mean_step,path_len,n_steps
0,1762207944859,1762207946325,1762207946903,578.0,-24,0,CanvasP,True,0.07697020028613145,8.851573032905117,115
1,1762207947413,1762207948724,1762207949158,434.0,-8,0,CanvasB,True,0.07680283706923727,6.605043987954405,86
2,1762207949670,1762207951192,1762207951748,556.0,0,0,CanvasP,True,0.05755177803400412,6.388247361774457,111
3,1762207952257,1762207953636,1762207954214,578.0,0,0,CanvasE,True,0.06771115487848593,7.7867828110258825,115
4,1762207954725,1762207956181,1762207956780,599.0,-24,0,CanvasE,True,0.03755569126049452,4.469127259998848,119
5,1762207957292,1762207958169,1762207958948,779.0,8,0,CanvasP,True,0.19870378624817864,30.79908686846769,155
6,1762207959458,1762207960647,1762207961237,590.0,8,0,CanvasE,True,0.10885493392739558,12.844882203432679,118
7,1762207961748,1762207963159,1762207963793,634.0,24,0,CanvasB,True,0.3030665287587376,38.186382623600934,126
8,1762207964303,1762207965048,1762207965672,624.0,-16,0,CanvasE,True,0.2289596652196514,28.39099848723677,124
9,1762207966181,1762207967124,1762207967726,602.0,16,0,CanvasB,True,0.19870567057231436,23.844680468677723,120
10,1762207968237,1762207969716,1762207970270,554.0,-16,0,CanvasB,True,0.02777903641065061,3.055694005171567,110
11,1762207970780,1762207971548,1762207972027,479.0,8,0,CanvasP,True,0.08835313880110604,8.393548186105074,95
12,1762207972537,1762207973437,1762207974237,800.0,8,0,CanvasP,True,0.1448270837032462,23.17233339251939,160
13,1762207974747,1762207976248,1762207976804,556.0,8,0,CanvasE,True,0.2688458444613369,29.841888735208396,111
14,1762207977315,1762207978203,1762207978672,469.0,0,0,CanvasB,True,0.08812210576360134,8.195355836014924,93
15,1762207979181,1762207979960,1762207980383,423.0,-8,0,CanvasP,True,0.11394624031822202,9.457537946412428,83
16,1762207980892,1762207982048,1762207982548,500.0,-8,0,CanvasB,True,0.035216485231537364,3.486432037922199,99
17,1762207983060,1762207984392,1762207985016,624.0,-8,0,CanvasP,True,0.020771233846436348,2.5756329969581073,124
18,1762207985525,1762207986493,1762207987260,767.0,-24,0,CanvasP,True,0.05784021679444415,8.79171295275551,152
19,1762207987771,1762207989446,1762207990103,657.0,16,0,CanvasB,True,0.016388483891996392,2.146891389851527,131
20,1762207990614,1762207991559,1762207992415,856.0,-8,0,CanvasB,True,0.031159458728811384,5.297107983897935,170
21,1762207992926,1762207993971,1762207994517,546.0,24,0,CanvasB,True,0.38978121883841793,42.096371634549136,108
22,1762207995026,1762207996492,1762207997139,647.0,-8,0,CanvasP,True,0.25596126625349724,32.76304208044765,128
23,1762207997648,1762207998627,1762207999182,555.0,0,0,CanvasB,True,0.11511594432425923,12.777869819992775,111
24,1762207999693,1762208000560,1762208001061,501.0,16,0,CanvasB,True,0.2661209178973779,26.345970871840414,99
25,1762208001571,1762208002895,1762208003459,564.0,-8,0,CanvasP,True,0.22730174391010508,25.45779531793177,112
26,1762208003971,1762208005115,1762208006017,902.0,-16,0,CanvasE,True,0.27803953384368185,50.04711609186273,180
27,1762208006526,1762208007316,1762208007794,478.0,0,0,CanvasB,True,0.035072624413829974,3.2968266949000173,94
28,1762208008303,1762208009516,1762208010116,600.0,-16,0,CanvasP,True,0.1334532311867651,16.014387742411813,120
29,1762208010627,1762208012094,1762208012675,581.0,-24,0,CanvasP,True,0.2415474545643005,27.777957274894558,115
30,1762208013182,1762208014241,1762208014960,719.0,-16,0,CanvasP,True,0.11036248823711148,15.781835817906941,143
31,1762208015472,1762208017128,1762208017661,533.0,0,0,CanvasE,True,0.1899410653687411,20.13375292908656,106
32,1762208018171,1762208019650,1762208020207,557.0,16,0,CanvasE,True,0.10276119882200144,11.40649306924216,111
33,1762208020715,1762208022129,1762208022751,622.0,0,0,CanvasP,True,0.1502916890520491,14.127418770892614,94
34,1762208023261,1762208024861,1762208025373,512.0,0,0,CanvasP,False,0.23486880670310753,23.956618283716967,102
35,1762208025883,1762208026617,1762208027695,1078.0,8,0,CanvasP,True,0.10501038284802434,22.577232312325233,215
36,1762208028206,1762208029360,1762208029851,491.0,8,0,CanvasB,True,0.04399576517926248,4.267589222388461,97
37,1762208030360,1762208031461,1762208032041,580.0,16,0,CanvasB,True,0.20116098246541386,23.133512983522593,115
38,1762208032550,1762208033806,1762208034406,600.0,24,0,CanvasB,True,0.08694562016280853,10.346528799374216,119
39,1762208034917,1762208036561,1762208037106,545.0,8,0,CanvasE,True,0.2257436375543241,24.380312855867004,108
40,1762208037619,1762208039195,1762208039874,679.0,16,0,CanvasP,True,0.15326945584147628,20.691376538599297,135
41,1762208040383,1762208041572,1762208042096,524.0,8,0,CanvasB,True,0.17878051962949695,18.593174041467684,104
42,1762208042605,1762208043429,1762208043973,544.0,-16,0,CanvasB,True,0.31607022199440526,34.13558397539577,108
43,1762208044483,1762208046173,1762208046806,633.0,8,0,CanvasP,True,0.15709102420859844,19.793469050283402,126
44,1762208047317,1762208048696,1762208049307,611.0,24,0,CanvasP,True,0.12660211382879535,15.445457887113035,122
45,1762208049818,1762208050762,1762208051307,545.0,-24,0,CanvasP,True,0.06081857335722028,6.568405922579791,108
46,1762208051818,1762208053318,1762208053897,579.0,-8,0,CanvasB,True,0.13527454540651124,15.556572721748791,115
47,1762208054409,1762208055396,1762208056009,613.0,-24,0,CanvasE,False,0.29336341949200995,35.4969737585332,121
48,1762208056517,1762208057708,1762208058297,589.0,0,0,CanvasE,True,0.1240526169946864,14.514156188378308,117
49,1762208058807,1762208059696,1762208060097,401.0,-8,0,CanvasE,True,0.10888851607656017,8.711081286124813,80
50,1762208060606,1762208062151,1762208062651,500.0,24,0,CanvasE,True,0.3260208228798079,32.27606146510098,99
51,1762208063162,1762208064396,1762208065164,768.0,16,0,CanvasB,True,0.15409647189574033,23.57676020004827,153
52,1762208065675,1762208067162,1762208067707,545.0,0,0,CanvasE,True,0.17858955423689182,19.287671857584318,108
53,1762208068218,1762208069680,1762208070176,496.0,24,0,CanvasE,True,0.33250127590210915,32.917626314308805,99
54,1762208070684,1762208071533,1762208072149,616.0,-24,0,CanvasP,True,0.3067355269009547,37.42173428191647,122
55,1762208072664,1762208073707,1762208074586,879.0,8,0,CanvasP,True,0.14444448522416253,25.13334042900428,174
56,1762208075097,1762208076775,1762208077419,644.0,-8,0,CanvasB,True,0.12675425231599824,16.224544296447775,128
57,1762208077928,1762208079475,1762208080318,843.0,-24,0,CanvasE,True,0.29643021424388405,49.50384577872864,167
58,1762208080829,1762208082107,1762208083342,1235.0,-16,0,CanvasP,True,0.22271790574561484,54.78860481342125,246
59,1762208083853,1762208085485,1762208085976,491.0,0,0,CanvasB,True,0.06003822325069107,5.823707655317033,97
60,1762208086485,1762208087953,1762208088786,833.0,24,0,CanvasP,True,0.2185198598163171,36.27429672950864,166
61,1762208089288,1762208090075,1762208090553,478.0,24,0,CanvasP,False,0.34850348026537215,32.75932714494498,94
62,1762208091066,1762208092519,1762208093119,600.0,16,0,CanvasE,True,0.23604607254563714,28.08948263293082,119
63,1762208093630,1762208095043,1762208095689,646.0,0,0,CanvasP,True,0.13008294220504946,16.65061660224633,128
64,1762208096197,1762208097230,1762208098765,1535.0,-24,0,CanvasE,True,0.24578398320153708,75.20989885967035,306
65,1762208099275,1762208100877,1762208101442,565.0,16,0,CanvasE,True,0.17917131181579574,20.06718692336912,112
66,1762208101953,1762208103644,1762208104143,499.0,24,0,CanvasE,True,0.2781202097322978,27.53390076349748,99
67,1762208104653,1762208106219,1762208106809,590.0,-24,0,CanvasP,True,0.09992012526815561,11.690654656374207,117
68,1762208107318,1762208108898,1762208109553,655.0,-16,0,CanvasE,True,0.23707480631589037,30.819724821065748,130
69,1762208110063,1762208111353,1762208111920,567.0,-16,0,CanvasE,True,0.04266063707468557,4.777991352364784,112
70,1762208112433,1762208113312,1762208113812,500.0,-16,0,CanvasE,True,0.2861259367078484,28.326467734076992,99
71,1762208114320,1762208115799,1762208116288,489.0,-24,0,CanvasE,True,0.3388005886743844,32.863657101415285,97
72,1762208116798,1762208117931,1762208118709,778.0,16,0,CanvasP,True,0.2308994685362133,35.78941762311306,155
73,1762208119222,1762208120321,1762208120766,445.0,-8,0,CanvasP,True,0.18295811852204905,16.100314429940315,88
74,1762208121276,1762208122410,1762208122934,524.0,-16,0,CanvasP,True,0.520543322770983,54.13650556818223,104
75,1762208123443,1762208124786,1762208125433,647.0,8,0,CanvasE,True,0.2633014963391398,33.96589302774903,129
76,1762208125943,1762208127052,1762208127544,492.0,24,0,CanvasP,True,0.3938506618502255,38.5973648613221,98
77,1762208128052,1762208129010,1762208129488,478.0,0,0,CanvasE,True,0.03671688036266386,3.4881036344530663,95
78,1762208129998,1762208131164,1762208131756,592.0,-16,0,CanvasE,True,0.27011830636709583,31.87396015131731,118
79,1762208132268,1762208133442,1762208134011,569.0,0,0,CanvasB,True,0.17329111501205707,19.581895996362448,113
80,1762208134519,1762208135620,1762208136254,634.0,16,0,CanvasE,True,0.32379358493223437,40.797991701461534,126
81,1762208136766,1762208137977,1762208138510,533.0,24,0,CanvasB,False,0.3922447941912902,41.577948184276764,106
82,1762208139021,1762208140565,1762208141200,635.0,-8,0,CanvasP,True,0.15293230627086488,19.269470590128975,126
83,1762208141710,1762208142811,1762208143411,600.0,-16,0,CanvasE,True,0.2412971047177691,28.714355461414524,119
84,1762208143921,1762208144865,1762208145522,657.0,-16,0,CanvasE,True,0.3894937962501732,51.02368730877269,131
85,1762208146033,1762208146821,1762208147535,714.0,-24,0,CanvasB,True,0.32708435757140586,46.44597877513963,142
86,1762208148044,1762208149754,1762208150312,558.0,24,0,CanvasE,True,0.496549054466845,55.1169450458198,111
87,1762208150821,1762208152234,1762208152922,688.0,24,0,CanvasP,True,0.35841679649427727,48.744684323221705,136
88,1762208153434,1762208154178,1762208154700,522.0,-8,0,CanvasB,True,0.07476719054273301,7.7757878164442324,104
89,1762208155209,1762208156632,1762208157180,548.0,16,0,CanvasE,True,0.21091162055856777,22.989366640883887,109
90,1762208157689,1762208158700,1762208159177,477.0,-24,0,CanvasP,True,0.45428177106106965,43.15676825080162,95
91,1762208159688,1762208161132,1762208161823,691.0,16,0,CanvasP,True,0.18961555774486616,25.977331411046663,137
92,1762208162332,1762208163633,1762208164167,534.0,8,0,CanvasP,True,0.20357740456140244,21.57920488350866,106
93,1762208164678,1762208166234,1762208166879,645.0,-24,0,CanvasP,True,0.3759917021814322,48.12693787922332,128
94,1762208167389,1762208168767,1762208169480,713.0,16,0,CanvasP,True,0.3729057351595188,52.95261439265167,142
95,1762208169989,1762208171578,1762208172022,444.0,24,0,CanvasP,True,0.7330729078331515,47.64973900915485,65
96,1762208172532,1762208174045,1762208174579,534.0,8,0,CanvasB,True,0.22245347442442165,23.580068288988695,106
97,1762208175090,1762208176422,1762208176922,500.0,-8,0,CanvasB,True,0.1545380908253438,15.299270991709038,99
98,1762208177433,1762208178822,1762208179490,668.0,-24,0,CanvasB,True,0.4196935732399298,55.81924524091066,133
99,1762208179999,1762208180824,1762208181368,544.0,-8,0,CanvasP,True,0.14395058401932362,15.54666307408695,108
100,1762208181877,1762208183044,1762208183724,680.0,0,0,CanvasE,True,0.3927035062361439,53.014973341879426,135
101,1762208184233,1762208185433,1762208185881,448.0,0,0,CanvasE,True,0.2936102875744733,25.837705306553655,88
102,1762208186388,1762208187354,1762208187857,503.0,-24,0,CanvasP,True,0.4461510318676499,44.61510318676499,100
103,1762208188367,1762208189966,1762208190535,569.0,8,0,CanvasE,True,0.3069346342051057,34.68361366517694,113
104,1762208191044,1762208192356,1762208192958,602.0,8,0,CanvasB,True,0.24693951099537492,29.385801808449617,119
105,1762208193468,1762208194190,1762208194657,467.0,24,0,CanvasB,True,0.46822543834457536,43.54496576604551,93
106,1762208195166,1762208196534,1762208197134,600.0,-16,0,CanvasE,True,0.40545967832774377,48.24970172100151,119
107,1762208197645,1762208199157,1762208199723,566.0,16,0,CanvasB,True,0.21503570827837715,24.29903503545662,113
108,1762208200236,1762208201778,1762208202223,445.0,-16,0,CanvasB,False,0.5252703606893142,46.74906210134897,89
109,1762208202736,1762208203801,1762208204280,479.0,8,0,CanvasB,True,0.22323349683241678,21.207182199079593,95
110,1762208204790,1762208205745,1762208206302,557.0,8,0,CanvasP,True,0.4379100055412357,48.17010060953593,110
111,1762208206813,1762208207901,1762208208369,468.0,8,0,CanvasP,False,0.4898265895369293,45.0640462373975,92
112,1762208208878,1762208210223,1762208210703,480.0,0,0,CanvasB,True,0.4293962880853423,40.79264736810752,95
113,1762208211212,1762208212413,1762208212849,436.0,-8,0,CanvasB,True,0.2158910694161996,18.566631969793164,86
114,1762208213355,1762208214356,1762208214802,446.0,-8,0,CanvasB,True,0.24454072154023826,21.519583495540967,88
115,1762208215312,1762208216946,1762208217548,602.0,-8,0,CanvasE,True,0.216228619417187,25.731205710645252,119
116,1762208218058,1762208218790,1762208219236,446.0,-24,0,CanvasE,True,0.4668460315359885,41.08245077516699,88
117,1762208219747,1762208220880,1762208221570,690.0,16,0,CanvasB,True,0.19532728803499994,26.75983846079499,137
118,1762208222079,1762208223302,1762208224148,846.0,-8,0,CanvasP,True,0.3405349753553551,57.55041083505501,169
119,1762208224657,1762208226103,1762208227403,1300.0,24,0,CanvasP,True,0.17233135699816837,44.806152819523774,260
120,1762208227915,1762208228714,1762208229225,511.0,-8,0,CanvasE,False,0.40073089332872824,40.87455111953028,102
121,1762208229736,1762208230515,1762208231081,566.0,0,0,CanvasB,True,0.3493321488384767,39.47453281874787,113
122,1762208231591,1762208233102,1762208233581,479.0,16,0,CanvasE,True,0.3658290386964822,34.75375867616581,95
123,1762208234092,1762208235625,1762208236392,767.0,-8,0,CanvasB,True,0.4530891200791767,69.32263537211404,153
124,1762208236902,1762208238281,1762208238958,677.0,-16,0,CanvasE,True,0.19283379847640447,26.032562794314604,135
125,1762208239469,1762208240959,1762208242160,1201.0,0,0,CanvasE,True,0.72654508962691,142.40283756687435,196
126,1762208242669,1762208243869,1762208244382,513.0,-16,0,CanvasE,True,0.30991456057166006,31.611285178309323,102
127,1762208244893,1762208245681,1762208246125,444.0,-24,0,CanvasE,True,0.3427938665685167,30.16586025802947,88
128,1762208246635,1762208248282,1762208248971,689.0,-16,0,CanvasP,True,0.4209995855685438,57.6769432228905,137
129,1762208249481,1762208250483,1762208250882,399.0,0,0,CanvasE,False,0.22638554948809403,17.88445840955943,79
130,1762208251391,1762208252935,1762208253592,657.0,16,0,CanvasP,True,0.22746521936083386,29.570478516908402,130
131,1762208254103,1762208255003,1762208255516,513.0,0,0,CanvasB,True,0.24232095324030195,24.716737230510798,102
132,1762208256025,1762208257447,1762208257996,549.0,0,0,CanvasB,True,0.25652575242624287,27.96130701446047,109
133,1762208258503,1762208259525,1762208260515,990.0,8,0,CanvasP,True,0.48258511258064046,95.06926717838617,197
134,1762208261025,1762208261903,1762208262471,568.0,8,0,CanvasE,True,0.3812783646041068,42.70317683565996,112
135,1762208262982,1762208264570,1762208265160,590.0,16,0,CanvasP,False,0.8106283272412516,94.84351428722643,117
136,1762208265670,1762208267126,1762208267738,612.0,24,0,CanvasE,True,0.4461720898184113,53.986822868027765,121
137,1762208268249,1762208269725,1762208270250,525.0,8,0,CanvasE,True,0.24808679767933547,26.049113756330225,105
138,1762208270759,1762208272137,1762208273018,881.0,16,0,CanvasP,True,0.26030286693362714,45.55300171338475,175
139,1762208273526,1762208274858,1762208275338,480.0,8,0,CanvasB,True,0.15477272385952917,14.703408766655272,95
140,1762208275850,1762208277338,1762208277905,567.0,-16,0,CanvasE,True,0.40425282673025514,45.68056942051883,113
141,1762208278416,1762208279970,1762208280460,490.0,8,0,CanvasE,True,0.34377062919785867,33.34575103219229,97
142,1762208280970,1762208282016,1762208282527,511.0,24,0,CanvasE,True,0.5168061504064969,52.197421191056186,101
143,1762208283190,1762208284616,1762208285282,666.0,-24,0,CanvasP,True,0.40687152090198064,54.11391227996342,133
144,1762208285794,1762208286828,1762208287295,467.0,-8,0,CanvasP,True,0.17116209331488696,15.746912584969602,92
145,1762208287816,1762208288551,1762208288973,422.0,-24,0,CanvasP,True,0.41523490198386237,34.87973176664444,84
146,1762208289483,1762208290726,1762208291162,436.0,0,0,CanvasB,True,0.34896330203159787,30.010843974717417,86
147,1762208291672,1762208292805,1762208293595,790.0,-8,0,CanvasE,True,0.2681844099885766,42.104952368206526,157
148,1762208294105,1762208294994,1762208295695,701.0,24,0,CanvasP,True,0.24566039024641836,34.39245463449857,140
149,1762208296205,1762208297215,1762208297850,635.0,16,0,CanvasB,True,0.31281592309922707,39.41480631050261,126
150,1762208298360,1762208299305,1762208299916,611.0,0,0,CanvasP,True,0.24947247585444135,30.186169578387403,121
151,1762208300427,1762208301173,1762208301772,599.0,24,0,CanvasB,True,0.36925887421053855,43.941806031054085,119
152,1762208302284,1762208303338,1762208303927,589.0,-24,0,CanvasP,True,0.3324586608923378,38.89766332440352,117
153,1762208304439,1762208305582,1762208306272,690.0,8,0,CanvasP,True,0.38865019212287166,53.24507632083342,137
154,1762208306782,1762208307984,1762208308606,622.0,-8,0,CanvasB,True,0.12281532284422504,15.229100032683904,124
155,1762208309117,1762208309894,1762208310584,690.0,-24,0,CanvasE,True,0.05112352278839276,7.003922622009808,137
156,1762208311095,1762208312227,1762208313262,1035.0,-16,0,CanvasB,True,0.2055646647441498,42.34632093729486,206
157,1762208313772,1762208315395,1762208316052,657.0,0,0,CanvasE,True,0.5374924721672768,61.81163429923683,115
158,1762208316561,1762208317806,1762208318653,847.0,24,0,CanvasB,True,0.3243042965956144,54.48312182806322,168
159,1762208319160,1762208320030,1762208320752,722.0,24,0,CanvasE,True,0.5015812426843198,72.22769894654205,144
160,1762208321264,1762208322072,1762208322763,691.0,16,0,CanvasP,True,0.21089149739536636,28.89213514316519,137
161,1762208323272,1762208324951,1762208325375,424.0,0,0,CanvasB,True,0.23370412666626997,19.631146639966676,84
162,1762208325884,1762208327418,1762208327975,557.0,-24,0,CanvasB,True,0.5796647161005352,64.34278348715941,111
163,1762208328484,1762208329673,1762208330152,479.0,16,0,CanvasB,True,0.2559185157049205,24.31225899196745,95
164,1762208330662,1762208332050,1762208332629,579.0,24,0,CanvasP,True,0.42123245437762274,48.441732253426615,115
165,1762208333139,1762208334574,1762208335141,567.0,-24,0,CanvasE,False,0.4815179781381967,54.41153152961623,113
166,1762208335651,1762208336428,1762208336930,502.0,-16,0,CanvasE,False,0.20004343068547892,19.804299637862414,99
167,1762208337439,1762208339018,1762208340608,1590.0,-16,0,CanvasB,True,0.419105410916679,120.28325293308689,287
168,1762208341118,1762208342062,1762208342608,546.0,-16,0,CanvasE,True,0.38361416003602317,41.4303292838905,108
169,1762208343120,1762208344560,1762208345375,815.0,-24,0,CanvasE,True,0.427293827090167,69.64889381569722,163
170,1762208345885,1762208346930,1762208347744,814.0,16,0,CanvasB,False,0.1732287251451432,28.0630534735132,162
171,1762208350439,1762208351396,1762208352186,790.0,-8,0,CanvasE,True,0.28116488545641266,44.142887016656786,157
172,1762208352696,1762208354029,1762208354575,546.0,-16,0,CanvasE,True,0.8059013727208323,87.84324962657072,109
173,1762208355085,1762208355829,1762208356319,490.0,8,0,CanvasB,True,0.17759229770394305,17.226452877282476,97
174,1762208356830,1762208357709,1762208358198,489.0,24,0,CanvasB,True,0.034353186617244715,3.3322591018727374,97
175,1762208358709,1762208359597,1762208360219,622.0,0,0,CanvasP,True,0.08807371196332182,10.833066571488585,123
176,1762208360729,1762208361853,1762208362486,633.0,-16,0,CanvasE,True,0.4313127547755274,53.91409434694092,125
177,1762208362997,1762208364608,1762208365042,434.0,0,0,CanvasE,False,0.5061517965327098,43.52905450181304,86
178,1762208365552,1762208366852,1762208367310,458.0,16,0,CanvasB,True,0.54499786955337,49.59480612935667,91
179,1762208367818,1762208368552,1762208369196,644.0,24,0,CanvasB,True,0.45732449721897817,58.537535644029205,128
180,1762208369708,1762208370696,1762208371275,579.0,-8,0,CanvasP,True,0.5459899590257888,62.242855328939925,114
181,1762208371785,1762208373208,1762208373899,691.0,-16,0,CanvasP,True,0.32919791115976577,45.100113828887906,137
182,1762208374407,1762208375587,1762208376230,643.0,-16,0,CanvasB,True,0.38530636281932745,49.319214440873914,128
183,1762208376742,1762208377963,1762208378599,636.0,-24,0,CanvasP,True,0.35043378946945497,44.50509126262078,127
184,1762208379108,1762208380120,1762208380620,500.0,24,0,CanvasP,True,0.36015316855409213,35.65516368685512,99
185,1762208381130,1762208382186,1762208382609,423.0,24,0,CanvasP,True,0.5972373687944169,49.570701609936606,83
186,1762208383122,1762208384219,1762208384913,694.0,-8,0,CanvasB,True,0.23973699711469237,33.083705601827546,138
187,1762208385421,1762208386777,1762208387276,499.0,16,0,CanvasB,True,0.3887494970064191,38.09745070662907,98
188,1762208387785,1762208388808,1762208389465,657.0,-24,0,CanvasP,True,0.39181477531957365,50.935920791544575,130
189,1762208389975,1762208391541,1762208391999,458.0,16,0,CanvasP,False,0.41623706721715836,37.87757311676141,91
190,1762208392508,1762208393586,1762208394164,578.0,8,0,CanvasB,True,0.9488435426665183,102.47510260798397,108
191,1762208394677,1762208395911,1762208396587,676.0,-24,0,CanvasE,True,0.5985152661947897,80.20104567010182,134
192,1762208397098,1762208398687,1762208399387,700.0,16,0,CanvasP,False,0.3261494224050228,45.66091913670319,140
193,1762208399898,1762208401300,1762208401888,588.0,24,0,CanvasP,False,0.4326359618507169,50.61840753653388,117
194,1762208402398,1762208403853,1762208404321,468.0,8,0,CanvasP,True,0.1677012268669126,15.596214098622871,93
195,1762208404833,1762208406188,1762208406710,522.0,-8,0,CanvasE,False,1.1660035424597135,121.2643684158102,104
196,1762208407221,1762208407942,1762208408578,636.0,-24,0,CanvasB,True,0.3070003417673219,38.68204306268256,126
197,1762208409086,1762208410088,1762208410633,545.0,-8,0,CanvasP,True,0.19887596168545366,21.478603862028994,108
198,1762208411143,1762208412477,1762208413044,567.0,0,0,CanvasB,True,0.23976066989502504,27.09295569813783,113
199,1762208413559,1762208414931,1762208415366,435.0,0,0,CanvasP,True,0.2722676430253605,23.415017300181002,86
200,1762208415876,1762208417533,1762208418100,567.0,-24,0,CanvasP,True,0.3310583778055369,37.409596692025666,113
201,1762208418610,1762208419365,1762208419955,590.0,8,0,CanvasE,False,0.46289547308023,54.62166582346714,118
202,1762208420466,1762208421689,1762208422188,499.0,8,0,CanvasB,True,0.8119245804930563,80.38053346881257,99
203,1762208422699,1762208424077,1762208424824,747.0,24,0,CanvasB,True,0.3109401893098339,46.01914801785542,148
204,1762208425333,1762208426743,1762208427444,701.0,-16,0,CanvasP,True,0.27846645787694385,38.706837644895195,139
205,1762208427956,1762208429009,1762208429812,803.0,16,0,CanvasE,True,0.22511088510391647,35.79263073152272,159
206,1762208430322,1762208431744,1762208433879,2135.0,-16,0,CanvasP,True,0.3757833593618224,154.07117733834718,410
207,1762208434388,1762208435665,1762208436132,467.0,8,0,CanvasB,True,0.21406226105949938,19.907790278533444,93
208,1762208436644,1762208437588,1762208438190,602.0,8,0,CanvasE,True,0.506522570528974,60.27618589294791,119
209,1762208438700,1762208439977,1762208442034,2057.0,8,0,CanvasP,True,0.39055965810552523,144.50707349904434,370
210,1762208442543,1762208443511,1762208444135,624.0,0,0,CanvasP,True,0.7718083117247905,69.46274805523115,90
211,1762208444645,1762208445401,1762208445867,466.0,-8,0,CanvasP,True,0.500466086294565,46.54334602539455,93
212,1762208446384,1762208447133,1762208447668,535.0,-8,0,CanvasE,False,0.44697797522268834,47.379665373604965,106
213,1762208448177,1762208449411,1762208450201,790.0,-8,0,CanvasP,True,0.49255777227993536,77.33157024794986,157
214,1762208450710,1762208451710,1762208452345,635.0,-24,0,CanvasB,True,0.4592403185264888,57.864280134337584,126
215,1762208452856,1762208453712,1762208454190,478.0,16,0,CanvasE,True,0.43725891275003315,41.53959671125315,95
216,1762208454700,1762208455590,1762208456123,533.0,-8,0,CanvasB,True,0.12797425758730543,13.437297046667071,105
217,1762208456636,1762208457778,1762208458378,600.0,24,0,CanvasE,True,0.2845616885156869,33.86284093336674,119
218,1762208458890,1762208459689,1762208460222,533.0,-8,0,CanvasE,True,0.17314236198234437,18.353090370128502,106
219,1762208460733,1762208461756,1762208462168,412.0,0,0,CanvasE,True,0.45316337073782,35.79990628828778,79
220,1762208462678,1762208463411,1762208463992,581.0,16,0,CanvasE,True,0.6604505282364332,56.798745428333255,86
221,1762208464500,1762208465268,1762208465968,700.0,-8,0,CanvasP,True,0.7337399264467044,85.1138314678177,116
222,1762208466478,1762208468069,1762208468702,633.0,-16,0,CanvasB,True,0.6427458840845162,80.98598139464903,126
223,1762208469212,1762208470867,1762208471623,756.0,0,0,CanvasP,True,0.4308568703844177,64.62853055766266,150
224,1762208472135,1762208473067,1762208473668,601.0,-16,0,CanvasB,True,0.6013410984460564,71.55959071508072,119
225,1762208474179,1762208475247,1762208475869,622.0,-24,0,CanvasE,True,0.6413993947858798,79.5335249534491,124
226,1762208476378,1762208477324,1762208478791,1467.0,-16,0,CanvasP,True,0.2520379710879092,73.59508755766949,292
227,1762208479301,1762208480423,1762208481046,623.0,0,0,CanvasP,True,0.11343878311460363,14.06640910621085,124
228,1762208481557,1762208482479,1762208483046,567.0,16,0,CanvasE,False,0.23317652942142142,26.34894782462062,113
229,1762208483555,1762208484713,1762208485324,611.0,0,0,CanvasP,True,0.19066951595448864,23.071011430493126,121
230,1762208485833,1762208486689,1762208487234,545.0,0,0,CanvasP,True,0.20458968980773265,22.095686499235125,108
231,1762208487746,1762208488980,1762208489580,600.0,8,0,CanvasE,True,0.4238868037654558,50.44252964808924,119
232,1762208490090,1762208491768,1762208492294,526.0,8,0,CanvasB,True,0.6248098331612754,65.60503248193392,105
233,1762208492801,1762208494069,1762208494824,755.0,16,0,CanvasP,True,1.7868109702160504,268.02164553240755,150
234,1762208495334,1762208496258,1762208497558,1300.0,24,0,CanvasB,True,0.1416132576317617,36.677833726626275,259
235,1762208498068,1762208498846,1762208499281,435.0,8,0,CanvasB,True,1.2092512477387316,103.99560730553091,86
236,1762208499792,1762208501069,1762208501669,600.0,16,0,CanvasE,True,0.3651852003194432,43.45703883801374,119
237,1762208502180,1762208503668,1762208504304,636.0,8,0,CanvasB,True,0.31408174123495886,39.888381136839776,127
238,1762208504813,1762208506234,1762208506869,635.0,-16,0,CanvasB,True,0.36521688337048336,46.017327304680904,126
239,1762208507380,1762208508302,1762208508693,391.0,8,0,CanvasB,True,0.3775201925329942,29.069054825040553,77
240,1762208509202,1762208510636,1762208511237,601.0,24,0,CanvasE,True,0.5594685419239027,67.13622503086833,120
241,1762208511746,1762208512824,1762208513559,735.0,-24,0,CanvasE,True,0.6117406322398281,89.3141323070149,146
242,1762208514070,1762208515482,1762208516060,578.0,-8,0,CanvasE,True,0.6085588860547432,69.98427189629547,115
243,1762208516570,1762208517546,1762208518615,1069.0,-24,0,CanvasB,True,0.5281583092324347,112.49771986650858,213
244,1762208519124,1762208520603,1762208521238,635.0,0,0,CanvasE,True,0.5641641581306992,68.26386313381461,121
245,1762208521747,1762208523348,1762208523770,422.0,-8,0,CanvasE,True,0.4316072860708982,35.82340474388455,83
246,1762208524280,1762208525582,1762208526037,455.0,24,0,CanvasE,True,0.6298042142621219,57.31218349785309,91
247,1762208526548,1762208527349,1762208527980,631.0,16,0,CanvasB,True,0.244203334287577,30.525416785947126,125
248,1762208528494,1762208529558,1762208530160,602.0,0,0,CanvasP,True,0.4029697550172682,48.35637060207219,120
249,1762208530669,1762208532025,1762208532648,623.0,24,0,CanvasB,True,0.45570373749281523,56.50726344910909,124
250,1762208533159,1762208534204,1762208535594,1390.0,-24,0,CanvasE,True,0.7748507910219112,214.6336691130694,277
251,1762208536103,1762208536959,1762208537504,545.0,8,0,CanvasB,True,0.31210348392067366,33.70717626343276,108
252,1762208538016,1762208538803,1762208541071,2268.0,-8,0,CanvasP,True,0.17107213324713386,77.49567636095163,453
253,1762208541580,1762208542459,1762208543083,624.0,-24,0,CanvasE,False,0.4431271874190949,54.94777123996777,124
254,1762208543592,1762208544402,1762208545040,638.0,-16,0,CanvasP,False,0.5002626457973316,63.53335601626111,127
255,1762208545548,1762208546725,1762208547406,681.0,0,0,CanvasE,True,0.49172059822247755,66.87400135825695,136
256,1762208547915,1762208549370,1762208554938,5568.0,24,0,CanvasP,True,0.31856991742948026,354.24974818158205,1112
257,1762208555449,1762208556294,1762208557138,844.0,24,0,CanvasE,True,0.33556576566877233,56.37504863235375,168
258,1762208557649,1762208559060,1762208559682,622.0,16,0,CanvasP,True,0.2322831856074659,28.80311501532577,124
259,1762208560193,1762208561848,1762208562383,535.0,0,0,CanvasB,True,0.26221201520733195,27.794473611977185,106
260,1762208562892,1762208564170,1762208565250,1080.0,-24,0,CanvasB,True,0.2766143261797981,59.472080128656586,215
261,1762208565762,1762208567238,1762208567862,624.0,16,0,CanvasE,True,0.2168047794544656,26.883792652353737,124
262,1762208568371,1762208569661,1762208570296,635.0,24,0,CanvasP,True,0.5516582116253015,69.50893466478799,126
263,1762208570805,1762208572117,1762208572671,554.0,-24,0,CanvasP,True,0.5465707377720566,60.122781154926216,110
264,1762208573182,1762208574151,1762208574783,632.0,-16,0,CanvasE,True,0.5710277962297957,71.94950232495427,126
265,1762208575294,1762208576048,1762208576905,857.0,-16,0,CanvasP,True,0.5701140864166938,97.48950877725464,171
266,1762208577417,1762208578918,1762208579606,688.0,-16,0,CanvasE,True,0.6863070592243751,94.02406711373939,137
267,1762208580116,1762208581638,1762208582597,959.0,-24,0,CanvasE,True,0.5084683739312745,97.11745942087344,191
268,1762208583107,1762208583838,1762208584306,468.0,16,0,CanvasE,True,0.31622364072709813,29.408798587620126,93
269,1762208584817,1762208585605,1762208586153,548.0,-8,0,CanvasB,True,0.438607188564027,47.80818355347894,109
270,1762208586661,1762208587617,1762208588073,456.0,-16,0,CanvasB,True,0.6913355210423853,62.911532414857064,91
271,1762208588583,1762208589516,1762208590007,491.0,8,0,CanvasB,True,0.7419846229596463,71.97250842708569,97
272,1762208590518,1762208592005,1762208592528,523.0,24,0,CanvasP,True,0.4447137301988826,45.80551421048491,103
273,1762208593038,1762208594139,1762208594806,667.0,0,0,CanvasE,True,0.9681571719199595,128.76490386535463,133
274,1762208595317,1762208596373,1762208597018,645.0,-16,0,CanvasE,True,0.4545147963504667,58.17789393285974,128
275,1762208597526,1762208598482,1762208598928,446.0,0,0,CanvasE,True,0.2467635580091674,21.715193104806733,88
276,1762208599438,1762208600596,1762208601174,578.0,16,0,CanvasP,False,0.20972882335152063,24.118814685424873,115
277,1762208601684,1762208602884,1762208603984,1100.0,24,0,CanvasE,True,0.20112583048184085,44.046556875523144,219
278,1762208604496,1762208605861,1762208606340,479.0,-8,0,CanvasE,True,0.19172584892086117,18.21395564748181,95
279,1762208606852,1762208607739,1762208608196,457.0,-16,0,CanvasE,True,0.1719682948965339,15.649114835584585,91
280,1762208608703,1762208609951,1762208610496,545.0,-16,0,CanvasE,True,0.4902837038120709,53.44092371551573,109
281,1762208611007,1762208612353,1762208612785,432.0,-24,0,CanvasE,True,0.07452343403672251,6.334491893121414,85
282,1762208613294,1762208614972,1762208615508,536.0,24,0,CanvasE,True,0.3975241753636151,42.53508676390682,107
283,1762208616017,1762208616731,1762208617241,510.0,24,0,CanvasE,True,0.6489963692798938,65.54863329726928,101
284,1762208617750,1762208618930,1762208619586,656.0,-8,0,CanvasB,True,0.29506793071911613,38.3588309934851,130
285,1762208620096,1762208621786,1762208622618,832.0,16,0,CanvasP,True,0.29678903515352717,49.266979835485515,166
286,1762208623129,1762208624129,1762208624963,834.0,-24,0,CanvasE,True,0.40019323118128575,66.43207637609343,166
287,1762208625472,1762208626484,1762208627064,580.0,16,0,CanvasB,True,0.3941349537213272,45.32551967795263,115
288,1762208627573,1762208628331,1762208629264,933.0,8,0,CanvasE,False,0.42894234603095804,79.7832763617582,186
289,1762208629773,1762208630696,1762208631208,512.0,-24,0,CanvasE,False,0.5759567318508185,58.17162991693267,101
290,1762208631717,1762208632963,1762208634786,1823.0,16,0,CanvasB,True,0.3484195126450475,110.10056599583501,316
291,1762208635296,1762208636740,1762208637476,736.0,24,0,CanvasE,True,0.3821407161390123,55.792544556295795,146
292,1762208637985,1762208639274,1762208639785,511.0,8,0,CanvasE,True,0.41675107108739673,42.09185817982707,101
293,1762208640297,1762208641875,1762208642376,501.0,-8,0,CanvasE,True,0.5433462036504436,53.79127416139392,99
294,1762208642885,1762208644285,1762208645020,735.0,-24,0,CanvasP,True,0.7999450080238514,117.59191617950616,147
295,1762208645530,1762208646910,1762208648042,1132.0,-8,0,CanvasP,False,0.4584501879157837,103.60974246896711,226
296,1762208648552,1762208649709,1762208650241,532.0,0,0,CanvasP,True,0.2297256558400792,24.121193863208315,105
297,1762208650751,1762208652452,1762208652900,448.0,0,0,CanvasP,True,0.15101115255698977,13.43999257757209,89
298,1762208653408,1762208654852,1762208655534,682.0,-24,0,CanvasE,True,0.7650122665577352,104.04166825185199,136
299,1762208656041,1762208657543,1762208658311,768.0,8,0,CanvasP,True,0.3440208223182515,52.63518581469248,153
300,1762208658818,1762208659609,1762208660142,533.0,8,0,CanvasB,True,0.21409103096976098,22.693649282794663,106
301,1762208660655,1762208662197,1762208662987,790.0,24,0,CanvasP,True,0.5568210561467584,87.42090581504107,157
302,1762208663497,1762208664330,1762208665186,856.0,-16,0,CanvasB,True,0.7898615781924311,134.27646829271328,170
303,1762208665698,1762208667086,1762208667675,589.0,16,0,CanvasE,True,0.33064707893145917,38.68570823498072,117
304,1762208668186,1762208669687,1762208670331,644.0,-16,0,CanvasE,True,0.634585660160263,81.22696450051366,128
305,1762208670843,1762208671598,1762208672021,423.0,8,0,CanvasE,True,0.6532028804719755,54.86904195964594,84
306,1762208672531,1762208674186,1762208674699,513.0,8,0,CanvasB,True,0.4298102455244312,43.84064504349198,102
307,1762208675209,1762208676509,1762208677120,611.0,8,0,CanvasP,True,0.8794156557865571,106.40929435017341,121
308,1762208677631,1762208678675,1762208679354,679.0,0,0,CanvasE,True,0.6170876391688168,83.30683128779027,135
309,1762208679864,1762208681257,1762208681789,532.0,-8,0,CanvasB,True,0.43862686203657036,46.05582051383989,105
310,1762208682298,1762208683276,1762208683932,656.0,-8,0,CanvasP,True,0.29741869703616397,38.66443061470132,130
311,1762208684442,1762208686042,1762208686586,544.0,-8,0,CanvasE,True,0.38181827892540554,41.2363741239438,108
312,1762208687099,1762208687966,1762208688676,710.0,-24,0,CanvasP,True,0.4137016237886887,58.331928954205104,141
313,1762208689186,1762208690533,1762208691221,688.0,16,0,CanvasE,True,0.31195999631134463,42.73851949465421,137
314,1762208691732,1762208692866,1762208693489,623.0,-8,0,CanvasB,True,0.1663185631924074,20.623501835858516,124
315,1762208693997,1762208695166,1762208695867,701.0,24,0,CanvasE,True,0.3678621673778517,51.132841265521385,139
316,1762208696376,1762208697309,1762208697843,534.0,-8,0,CanvasE,True,0.5321027719470987,56.40289382639246,106
317,1762208698354,1762208699454,1762208701055,1601.0,0,0,CanvasB,True,0.6169735308338345,196.81455633599322,319
318,1762208701565,1762208702765,1762208703355,590.0,16,0,CanvasP,True,0.33474191037705037,39.164803514114894,117
319,1762208703866,1762208704621,1762208705543,922.0,-8,0,CanvasE,True,0.24772834377147904,45.334286910180666,183
320,1762208706135,1762208707288,1762208708042,754.0,-16,0,CanvasB,True,0.7544061337562408,113.16092006343612,150
321,1762208708555,1762208710178,1762208710878,700.0,0,0,CanvasP,True,0.382257894323795,53.1338473110075,139
322,1762208711388,1762208712810,1762208713336,526.0,-16,0,CanvasB,True,1.2846217130931161,133.60065816168407,104
323,1762208713844,1762208715469,1762208716269,800.0,-24,0,CanvasE,True,0.913615804764691,145.26491295758586,159
324,1762208716776,1762208717844,1762208718579,735.0,-16,0,CanvasP,True,0.7154583691605713,104.45692189744341,146
325,1762208719088,1762208720622,1762208721300,678.0,0,0,CanvasP,True,0.3069050146195498,41.12527195901967,134
326,1762208721810,1762208722788,1762208724378,1590.0,16,0,CanvasE,False,0.28268253615610534,87.34890367223655,309
327,1762208724881,1762208725944,1762208726489,545.0,0,0,CanvasP,True,0.7623681646229218,82.33576177927556,108
328,1762208726999,1762208728658,1762208729203,545.0,0,0,CanvasP,True,0.499359684894062,53.9308459685587,108
329,1762208729711,1762208730791,1762208731469,678.0,8,0,CanvasE,True,0.4733218306716346,63.89844714067067,135
330,1762208731977,1762208733235,1762208733711,476.0,8,0,CanvasE,True,0.8052336305830161,76.49719490538654,95
331,1762208734222,1762208735544,1762208736135,591.0,16,0,CanvasB,True,0.18945861682204346,22.166658168179083,117
332,1762208736643,1762208738168,1762208738636,468.0,24,0,CanvasB,True,0.9258109381412103,85.17460630899134,92
333,1762208739145,1762208740279,1762208740845,566.0,8,0,CanvasP,True,0.4192627747622219,46.957430773368856,112
334,1762208741356,1762208742377,1762208742958,581.0,16,0,CanvasB,True,0.3446096341161061,39.630107923352206,115
335,1762208743467,1762208744923,1762208745434,511.0,8,0,CanvasP,True,0.39619313577948656,40.01550671372814,101
336,1762208745944,1762208747057,1762208747623,566.0,-16,0,CanvasE,True,3.288086360574705,368.26567238436695,112
337,1762208748133,1762208749356,1762208749956,600.0,8,0,CanvasE,True,0.4397607489867762,52.77128987841314,120
338,1762208750468,1762208751590,1762208752113,523.0,24,0,CanvasB,True,0.4298355467837217,44.70289686550706,104
339,1762208752623,1762208753345,1762208753923,578.0,-24,0,CanvasB,True,0.8452615537848666,97.20507868525965,115
340,1762208754434,1762208755344,1762208756014,670.0,-8,0,CanvasE,True,0.42401541391371156,56.39405005052364,133
341,1762208756522,1762208758212,1762208758946,734.0,-24,0,CanvasP,True,0.8110232201401776,118.40939014046593,146
342,1762208759456,1762208760457,1762208761002,545.0,0,0,CanvasB,True,0.3291169172621045,35.544627064307285,108
